#node1	node2	node1_string_id	node2_string_id	neighborhood_on_chromosome	gene_fusion	phylogenetic_cooccurrence	homology	coexpression	experimentally_determined_interaction	database_annotated	automated_textmining	combined_score
ABL2	EGFR	9606.ENSP00000427562	9606.ENSP00000275493	0	0	0.125	0.591	0.047	0.709	0	0.208	0.782
ACVR1B	SMAD4	9606.ENSP00000442656	9606.ENSP00000341551	0	0	0	0	0.062	0.091	0.500	0.911	0.957
ACVR1B	ALK	9606.ENSP00000442656	9606.ENSP00000373700	0	0	0	0	0.043	0.092	0	0.929	0.932
AFDN	KRAS	9606.ENSP00000355771	9606.ENSP00000256078	0	0	0	0	0.056	0.252	0.900	0.314	0.945
AFDN	CDH1	9606.ENSP00000355771	9606.ENSP00000261769	0	0	0	0	0.062	0.127	0	0.851	0.867
AFDN	HRAS	9606.ENSP00000355771	9606.ENSP00000407586	0	0	0	0	0	0.966	0.900	0.678	0.998
AKAP9	BRAF	9606.ENSP00000348573	9606.ENSP00000419060	0	0	0	0	0.095	0.095	0.500	0.680	0.851
AKT1	CDKN1B	9606.ENSP00000451828	9606.ENSP00000228872	0	0	0	0	0.121	0.797	0.900	0.842	0.996
AKT1	KRAS	9606.ENSP00000451828	9606.ENSP00000256078	0	0	0	0	0.076	0.110	0	0.893	0.904
AKT1	CDH1	9606.ENSP00000451828	9606.ENSP00000261769	0	0	0	0	0	0.165	0	0.889	0.903
AKT1	CREBBP	9606.ENSP00000451828	9606.ENSP00000262367	0	0	0	0	0.080	0.513	0	0.700	0.854
AKT1	EP300	9606.ENSP00000451828	9606.ENSP00000263253	0	0	0	0	0.066	0.821	0	0.749	0.954
AKT1	KDR	9606.ENSP00000451828	9606.ENSP00000263923	0	0	0	0.560	0.056	0.074	0	0.701	0.715
AKT1	PIK3CA	9606.ENSP00000451828	9606.ENSP00000263967	0	0	0	0	0.060	0.738	0.900	0.951	0.998
AKT1	ERBB3	9606.ENSP00000451828	9606.ENSP00000267101	0	0	0	0	0	0.328	0	0.791	0.854
AKT1	TP53	9606.ENSP00000451828	9606.ENSP00000269305	0	0	0	0	0.049	0.184	0.900	0.934	0.994
AKT1	EGFR	9606.ENSP00000451828	9606.ENSP00000275493	0	0	0	0.559	0.042	0.640	0	0.445	0.792
AKT1	ATM	9606.ENSP00000451828	9606.ENSP00000278616	0	0	0	0	0.042	0	0	0.742	0.742
AKT1	TSC1	9606.ENSP00000451828	9606.ENSP00000298552	0	0	0	0	0.049	0.477	0.900	0.736	0.985
AKT1	HSP90AA1	9606.ENSP00000451828	9606.ENSP00000335153	0	0	0	0	0.049	0.883	0.900	0.996	0.999
AKT1	SMAD4	9606.ENSP00000451828	9606.ENSP00000341551	0	0	0	0	0.085	0.636	0	0.763	0.914
AKT1	NF1	9606.ENSP00000451828	9606.ENSP00000351015	0	0	0	0	0.042	0.347	0	0.710	0.803
AKT1	CASP8	9606.ENSP00000451828	9606.ENSP00000351273	0	0	0	0	0.059	0.067	0	0.780	0.790
AKT1	MTOR	9606.ENSP00000451828	9606.ENSP00000354558	0	0	0	0	0.060	0.925	0.900	0.954	0.999
AKT1	PTEN	9606.ENSP00000451828	9606.ENSP00000361021	0	0	0	0	0	0.648	0	0.967	0.988
AKT1	KLF4	9606.ENSP00000451828	9606.ENSP00000363804	0	0	0	0	0.074	0.071	0	0.769	0.784
AKT1	AR	9606.ENSP00000451828	9606.ENSP00000363822	0	0	0	0	0.055	0.636	0	0.721	0.895
AKT1	JAK2	9606.ENSP00000451828	9606.ENSP00000371067	0	0	0	0.570	0.062	0	0	0.726	0.732
AKT1	ESR1	9606.ENSP00000451828	9606.ENSP00000405330	0	0	0	0	0.055	0.314	0	0.877	0.913
AKT1	HRAS	9606.ENSP00000451828	9606.ENSP00000407586	0	0	0	0	0.103	0.110	0	0.880	0.896
AKT1	MAP2K4	9606.ENSP00000451828	9606.ENSP00000410402	0	0	0	0.593	0.103	0.542	0.900	0.257	0.965
AKT1	CDKN2A	9606.ENSP00000451828	9606.ENSP00000418915	0	0	0	0	0.042	0.229	0	0.834	0.866
AKT1	BRCA1	9606.ENSP00000451828	9606.ENSP00000418960	0	0	0	0	0	0.735	0.900	0.786	0.993
AKT1	BRAF	9606.ENSP00000451828	9606.ENSP00000419060	0	0	0.131	0.586	0	0.631	0	0.376	0.783
AKT1	PIK3R1	9606.ENSP00000451828	9606.ENSP00000428056	0	0	0	0	0.058	0.558	0.900	0.913	0.995
AKT1	NOTCH1	9606.ENSP00000451828	9606.ENSP00000498587	0	0	0	0	0.139	0.505	0	0.757	0.887
ALK	KRAS	9606.ENSP00000373700	9606.ENSP00000256078	0	0	0	0	0.074	0.110	0.900	0.886	0.989
ALK	PIK3CA	9606.ENSP00000373700	9606.ENSP00000263967	0	0	0	0	0	0.069	0.900	0.801	0.979
ALK	TP53	9606.ENSP00000373700	9606.ENSP00000269305	0	0	0	0	0	0	0	0.772	0.772
ALK	ERBB2	9606.ENSP00000373700	9606.ENSP00000269571	0	0	0	0.568	0	0.620	0	0.433	0.775
ALK	HSP90AA1	9606.ENSP00000373700	9606.ENSP00000335153	0	0	0	0	0	0.223	0	0.707	0.762
ALK	PTEN	9606.ENSP00000373700	9606.ENSP00000361021	0	0	0	0	0	0.092	0	0.706	0.722
ALK	JAK2	9606.ENSP00000373700	9606.ENSP00000371067	0	0	0	0.562	0	0.162	0.900	0.307	0.936
ALK	CLTC	9606.ENSP00000373700	9606.ENSP00000479606	0	0	0	0	0	0	0.400	0.693	0.808
ALK	JAK1	9606.ENSP00000373700	9606.ENSP00000499900	0	0	0	0.561	0	0	0.900	0.465	0.944
ALK	HRAS	9606.ENSP00000373700	9606.ENSP00000407586	0	0	0	0	0.074	0.110	0.900	0.638	0.966
ALK	PIK3R1	9606.ENSP00000373700	9606.ENSP00000428056	0	0	0	0	0	0.378	0.900	0.606	0.973
AR	FOXA1	9606.ENSP00000363822	9606.ENSP00000250448	0	0	0	0	0.083	0.761	0	0.987	0.996
AR	CREBBP	9606.ENSP00000363822	9606.ENSP00000262367	0	0	0	0	0.042	0.794	0	0.815	0.960
AR	EP300	9606.ENSP00000363822	9606.ENSP00000263253	0	0	0	0	0.043	0.843	0	0.710	0.952
AR	RB1	9606.ENSP00000363822	9606.ENSP00000267163	0	0	0	0	0	0.629	0.500	0.397	0.878
AR	NCOR1	9606.ENSP00000363822	9606.ENSP00000268712	0	0	0	0	0.043	0.883	0.500	0.868	0.991
AR	TP53	9606.ENSP00000363822	9606.ENSP00000269305	0	0	0	0	0	0.439	0	0.838	0.905
AR	ERBB2	9606.ENSP00000363822	9606.ENSP00000269571	0	0	0	0	0.058	0.092	0	0.772	0.788
AR	EGFR	9606.ENSP00000363822	9606.ENSP00000275493	0	0	0	0	0	0.536	0	0.720	0.864
AR	KMT2D	9606.ENSP00000363822	9606.ENSP00000301067	0	0	0	0	0.042	0.439	0	0.509	0.713
AR	HSP90AA1	9606.ENSP00000363822	9606.ENSP00000335153	0	0	0	0	0.054	0.901	0.900	0.990	0.999
AR	SMAD4	9606.ENSP00000363822	9606.ENSP00000341551	0	0	0	0	0	0.294	0	0.809	0.859
AR	PTEN	9606.ENSP00000363822	9606.ENSP00000361021	0	0	0	0	0	0.295	0	0.853	0.892
AR	KDM6A	9606.ENSP00000363822	9606.ENSP00000367203	0	0	0	0	0.086	0.416	0	0.595	0.765
AR	ETV1	9606.ENSP00000363822	9606.ENSP00000405327	0	0	0	0	0.042	0	0	0.883	0.884
AR	BRCA1	9606.ENSP00000363822	9606.ENSP00000418960	0	0	0	0	0	0.612	0	0.773	0.908
AR	NCOR2	9606.ENSP00000363822	9606.ENSP00000384018	0	0	0	0	0	0.848	0.500	0.659	0.971
AR	ESR1	9606.ENSP00000363822	9606.ENSP00000405330	0	0	0	0.651	0.172	0	0	0.978	0.981
ARHGEF12	KRAS	9606.ENSP00000380942	9606.ENSP00000256078	0	0	0	0	0.049	0.134	0.900	0.132	0.919
ARHGEF12	CD209	9606.ENSP00000380942	9606.ENSP00000315477	0	0	0	0	0	0	0.900	0.430	0.940
ARHGEF12	HRAS	9606.ENSP00000380942	9606.ENSP00000407586	0	0	0	0	0	0.134	0.900	0.112	0.916
ARID1A	KRAS	9606.ENSP00000320485	9606.ENSP00000256078	0	0	0	0	0.049	0.068	0	0.869	0.873
ARID1A	KMT2C	9606.ENSP00000320485	9606.ENSP00000262189	0	0	0	0	0.214	0	0	0.784	0.823
ARID1A	CREBBP	9606.ENSP00000320485	9606.ENSP00000262367	0	0	0	0	0.334	0.094	0	0.770	0.849
ARID1A	EP300	9606.ENSP00000320485	9606.ENSP00000263253	0	0	0	0	0.416	0.094	0	0.748	0.855
ARID1A	PIK3CA	9606.ENSP00000320485	9606.ENSP00000263967	0	0	0	0	0.067	0	0	0.911	0.913
ARID1A	DNMT3A	9606.ENSP00000320485	9606.ENSP00000264709	0	0	0	0	0.092	0	0.500	0.433	0.720
ARID1A	RB1	9606.ENSP00000320485	9606.ENSP00000267163	0	0	0	0	0.044	0	0.720	0.265	0.786
ARID1A	TP53	9606.ENSP00000320485	9606.ENSP00000269305	0	0	0	0	0.067	0.292	0	0.945	0.961
ARID1A	KMT2D	9606.ENSP00000320485	9606.ENSP00000301067	0	0	0	0	0.292	0	0	0.747	0.813
ARID1A	BRAF	9606.ENSP00000320485	9606.ENSP00000419060	0	0	0	0	0.049	0.056	0	0.695	0.702
ARID1A	CDKN2A	9606.ENSP00000320485	9606.ENSP00000418915	0	0	0	0	0	0	0	0.720	0.720
ARID1A	PTEN	9606.ENSP00000320485	9606.ENSP00000361021	0	0	0	0	0.057	0.073	0	0.729	0.743
ARID1A	BRCA1	9606.ENSP00000320485	9606.ENSP00000418960	0	0	0	0	0.049	0.439	0	0.657	0.801
ARID1A	ARID1B	9606.ENSP00000320485	9606.ENSP00000490491	0	0	0	0.927	0.437	0.846	0.900	0.983	0.999
ARID1A	SMARCD1	9606.ENSP00000320485	9606.ENSP00000378414	0	0	0	0	0.141	0.992	0.900	0.994	0.999
ARID1B	KMT2C	9606.ENSP00000490491	9606.ENSP00000262189	0	0	0	0	0.335	0	0	0.650	0.757
ARID1B	RB1	9606.ENSP00000490491	9606.ENSP00000267163	0	0	0	0	0.049	0	0.720	0.079	0.733
ARID1B	SMARCD1	9606.ENSP00000490491	9606.ENSP00000378414	0	0	0	0	0.049	0.935	0.900	0.788	0.998
ASXL1	DNMT3A	9606.ENSP00000364839	9606.ENSP00000264709	0	0	0	0	0.042	0.091	0	0.936	0.939
ASXL1	TP53	9606.ENSP00000364839	9606.ENSP00000269305	0	0	0	0	0	0.045	0	0.720	0.721
ASXL1	RUNX1	9606.ENSP00000364839	9606.ENSP00000300305	0	0	0	0	0.049	0	0	0.874	0.875
ASXL1	KDM6A	9606.ENSP00000364839	9606.ENSP00000367203	0	0	0	0	0.060	0.380	0	0.729	0.828
ASXL1	JAK2	9606.ENSP00000364839	9606.ENSP00000371067	0	0	0	0	0.049	0.098	0	0.873	0.881
ASXL1	BAP1	9606.ENSP00000364839	9606.ENSP00000417132	0	0	0	0	0.083	0.922	0.900	0.990	0.999
ATM	CDKN1B	9606.ENSP00000278616	9606.ENSP00000228872	0	0	0	0	0.070	0	0	0.704	0.713
ATM	KRAS	9606.ENSP00000278616	9606.ENSP00000256078	0	0	0	0	0.063	0.071	0	0.702	0.718
ATM	EP300	9606.ENSP00000278616	9606.ENSP00000263253	0	0	0	0	0.074	0	0	0.900	0.904
ATM	TP53	9606.ENSP00000278616	9606.ENSP00000269305	0	0	0	0	0.103	0.928	0.900	0.975	0.999
ATM	ERBB2	9606.ENSP00000278616	9606.ENSP00000269571	0	0	0	0	0	0	0	0.748	0.748
ATM	FGFR2	9606.ENSP00000278616	9606.ENSP00000410294	0	0	0	0	0.052	0	0	0.702	0.705
ATM	KDM6A	9606.ENSP00000278616	9606.ENSP00000367203	0	0	0	0	0.081	0.241	0	0.620	0.712
ATM	NOTCH1	9606.ENSP00000278616	9606.ENSP00000498587	0	0	0	0	0.042	0.314	0	0.612	0.723
ATM	NF1	9606.ENSP00000278616	9606.ENSP00000351015	0	0	0	0	0.158	0	0	0.694	0.732
ATM	FBXW7	9606.ENSP00000278616	9606.ENSP00000474725	0	0	0	0	0.060	0	0	0.752	0.756
ATM	BRAF	9606.ENSP00000278616	9606.ENSP00000419060	0	0	0	0	0	0	0	0.778	0.778
ATM	HSP90AA1	9606.ENSP00000278616	9606.ENSP00000335153	0	0	0	0	0.042	0	0	0.785	0.785
ATM	CDKN2A	9606.ENSP00000278616	9606.ENSP00000418915	0	0	0	0	0.042	0.053	0	0.845	0.847
ATM	PTEN	9606.ENSP00000278616	9606.ENSP00000361021	0	0	0	0	0.087	0	0	0.892	0.897
ATM	PPM1D	9606.ENSP00000278616	9606.ENSP00000306682	0	0	0	0	0	0	0	0.924	0.924
ATM	POLD1	9606.ENSP00000278616	9606.ENSP00000472445	0	0	0	0	0.057	0	0.900	0.613	0.960
ATM	CASP8	9606.ENSP00000278616	9606.ENSP00000351273	0	0	0	0	0.197	0	0.900	0.560	0.961
ATM	BRCA2	9606.ENSP00000278616	9606.ENSP00000369497	0	0	0	0	0.048	0.313	0.800	0.971	0.995
ATM	BRCA1	9606.ENSP00000278616	9606.ENSP00000418960	0	0	0	0	0.042	0.847	0.900	0.999	0.999
ATM	CHEK2	9606.ENSP00000278616	9606.ENSP00000372023	0	0	0	0	0.044	0.836	0.500	0.999	0.999
ATP1A1	CACNA1D	9606.ENSP00000445306	9606.ENSP00000288139	0	0	0	0	0	0.094	0	0.740	0.754
ATP2B3	CACNA1D	9606.ENSP00000263519	9606.ENSP00000288139	0	0	0	0	0.103	0.091	0	0.807	0.829
BAP1	PTEN	9606.ENSP00000417132	9606.ENSP00000361021	0	0	0	0	0	0.606	0	0.370	0.741
BAP1	BRCA1	9606.ENSP00000417132	9606.ENSP00000418960	0	0	0	0	0	0.292	0.500	0.987	0.995
BRAF	KRAS	9606.ENSP00000419060	9606.ENSP00000256078	0	0	0	0	0.081	0.870	0.900	0.973	0.999
BRAF	PIK3CA	9606.ENSP00000419060	9606.ENSP00000263967	0	0	0	0	0.128	0.190	0	0.931	0.947
BRAF	TP53	9606.ENSP00000419060	9606.ENSP00000269305	0	0	0	0	0.076	0	0	0.883	0.887
BRAF	HSP90AA1	9606.ENSP00000419060	9606.ENSP00000335153	0	0	0	0	0	0.784	0	0.933	0.984
BRAF	SMAD4	9606.ENSP00000419060	9606.ENSP00000341551	0	0	0	0	0.060	0.091	0	0.738	0.756
BRAF	NF1	9606.ENSP00000419060	9606.ENSP00000351015	0	0	0	0	0.067	0.092	0	0.895	0.903
BRAF	GNAS	9606.ENSP00000419060	9606.ENSP00000360141	0	0	0	0	0	0.252	0	0.694	0.761
BRAF	PTEN	9606.ENSP00000419060	9606.ENSP00000361021	0	0	0	0	0.094	0.206	0	0.927	0.943
BRAF	BRCA2	9606.ENSP00000419060	9606.ENSP00000369497	0	0	0	0	0.042	0.166	0	0.679	0.721
BRAF	ESR1	9606.ENSP00000419060	9606.ENSP00000405330	0	0	0	0	0	0.071	0	0.738	0.746
BRAF	HRAS	9606.ENSP00000419060	9606.ENSP00000407586	0	0	0	0	0.074	0.921	0.900	0.952	0.999
BRAF	CDKN2A	9606.ENSP00000419060	9606.ENSP00000418915	0	0	0	0	0	0.095	0	0.886	0.892
BRAF	FBXW7	9606.ENSP00000419060	9606.ENSP00000474725	0	0	0	0	0.067	0.328	0	0.705	0.799
BRCA1	KRAS	9606.ENSP00000418960	9606.ENSP00000256078	0	0	0	0	0	0	0	0.721	0.721
BRCA1	CREBBP	9606.ENSP00000418960	9606.ENSP00000262367	0	0	0	0	0.061	0.833	0	0.814	0.968
BRCA1	EP300	9606.ENSP00000418960	9606.ENSP00000263253	0	0	0	0	0.068	0.820	0	0.928	0.986
BRCA1	PIK3CA	9606.ENSP00000418960	9606.ENSP00000263967	0	0	0	0	0	0	0	0.728	0.728
BRCA1	RB1	9606.ENSP00000418960	9606.ENSP00000267163	0	0	0	0	0.070	0.727	0	0.485	0.858
BRCA1	TP53	9606.ENSP00000418960	9606.ENSP00000269305	0	0	0	0	0.067	0.895	0.500	0.999	0.999
BRCA1	ERBB2	9606.ENSP00000418960	9606.ENSP00000269571	0	0	0	0	0	0	0	0.918	0.918
BRCA1	EGFR	9606.ENSP00000418960	9606.ENSP00000275493	0	0	0	0	0	0.103	0	0.786	0.800
BRCA1	HSP90AA1	9606.ENSP00000418960	9606.ENSP00000335153	0	0	0	0	0.056	0.292	0	0.660	0.752
BRCA1	NF1	9606.ENSP00000418960	9606.ENSP00000351015	0	0	0	0	0.074	0.095	0	0.864	0.876
BRCA1	PTEN	9606.ENSP00000418960	9606.ENSP00000361021	0	0	0	0	0.067	0	0	0.816	0.821
BRCA1	GATA3	9606.ENSP00000418960	9606.ENSP00000368632	0	0	0	0	0.042	0.292	0	0.689	0.770
BRCA1	BRCA2	9606.ENSP00000418960	9606.ENSP00000369497	0	0	0	0	0.383	0.896	0.900	0.999	0.999
BRCA1	CHEK2	9606.ENSP00000418960	9606.ENSP00000372023	0	0	0	0	0.218	0.842	0.500	0.997	0.999
BRCA1	MAP3K1	9606.ENSP00000418960	9606.ENSP00000382423	0	0	0	0	0	0	0	0.770	0.770
BRCA1	ESR1	9606.ENSP00000418960	9606.ENSP00000405330	0	0	0	0	0	0.904	0	0.995	0.999
BRCA1	CDKN2A	9606.ENSP00000418960	9606.ENSP00000418915	0	0	0	0	0.045	0.309	0	0.766	0.832
BRCA1	PIK3R1	9606.ENSP00000418960	9606.ENSP00000428056	0	0	0	0	0	0.362	0	0.649	0.766
BRCA1	POLD1	9606.ENSP00000418960	9606.ENSP00000472445	0	0	0	0	0.189	0.421	0.540	0.743	0.937
BRCA2	KRAS	9606.ENSP00000369497	9606.ENSP00000256078	0	0	0	0	0.044	0	0	0.720	0.721
BRCA2	PIK3CA	9606.ENSP00000369497	9606.ENSP00000263967	0	0	0	0	0.047	0	0	0.811	0.812
BRCA2	TP53	9606.ENSP00000369497	9606.ENSP00000269305	0	0	0	0	0.066	0.828	0	0.974	0.995
BRCA2	ERBB2	9606.ENSP00000369497	9606.ENSP00000269571	0	0	0	0	0	0	0	0.873	0.873
BRCA2	NF1	9606.ENSP00000369497	9606.ENSP00000351015	0	0	0	0	0.050	0	0	0.748	0.750
BRCA2	PTEN	9606.ENSP00000369497	9606.ENSP00000361021	0	0	0	0	0	0	0	0.877	0.877
BRCA2	ESR1	9606.ENSP00000369497	9606.ENSP00000405330	0	0	0	0	0	0	0	0.723	0.723
BRCA2	CDKN2A	9606.ENSP00000369497	9606.ENSP00000418915	0	0	0	0	0.043	0	0	0.805	0.806
BRCA2	POLD1	9606.ENSP00000369497	9606.ENSP00000472445	0	0	0	0	0.134	0	0.540	0.761	0.896
BRCA2	CHEK2	9606.ENSP00000369497	9606.ENSP00000372023	0	0	0	0	0.100	0.532	0	0.968	0.985
CASP8	TP53	9606.ENSP00000351273	9606.ENSP00000269305	0	0	0	0	0.086	0.292	0.900	0.879	0.991
CASP8	EGFR	9606.ENSP00000351273	9606.ENSP00000275493	0	0	0	0	0.054	0	0	0.734	0.737
CASP8	PTEN	9606.ENSP00000351273	9606.ENSP00000361021	0	0	0	0	0.049	0.174	0	0.744	0.781
CASP8	CYLD	9606.ENSP00000351273	9606.ENSP00000392025	0	0	0	0	0.071	0.304	0.900	0.625	0.972
CBFB	EP300	9606.ENSP00000415151	9606.ENSP00000263253	0	0	0	0	0.049	0	0.500	0.614	0.800
CBFB	RUNX1	9606.ENSP00000415151	9606.ENSP00000300305	0	0	0	0	0.048	0.995	0.900	0.999	0.999
CBFB	PPM1D	9606.ENSP00000415151	9606.ENSP00000306682	0	0	0	0	0.056	0	0.750	0.070	0.761
CBFB	GATA3	9606.ENSP00000415151	9606.ENSP00000368632	0	0	0	0	0	0	0.500	0.475	0.726
CBFB	MYH11	9606.ENSP00000415151	9606.ENSP00000379616	0	0	0	0	0	0	0	0.978	0.978
CDH1	KRAS	9606.ENSP00000261769	9606.ENSP00000256078	0	0	0	0	0	0.135	0	0.693	0.723
CDH1	CDKN2A	9606.ENSP00000261769	9606.ENSP00000418915	0	0	0	0	0	0.046	0	0.712	0.713
CDH1	CREBBP	9606.ENSP00000261769	9606.ENSP00000262367	0	0	0	0	0	0.595	0	0.392	0.744
CDH1	KDR	9606.ENSP00000261769	9606.ENSP00000263923	0	0	0	0	0.042	0.045	0	0.779	0.780
CDH1	ESR1	9606.ENSP00000261769	9606.ENSP00000405330	0	0	0	0	0.045	0	0	0.802	0.803
CDH1	SMAD4	9606.ENSP00000261769	9606.ENSP00000341551	0	0	0	0	0	0.045	0	0.803	0.804
CDH1	KLF4	9606.ENSP00000261769	9606.ENSP00000363804	0	0	0	0	0	0.292	0	0.742	0.809
CDH1	TP53	9606.ENSP00000261769	9606.ENSP00000269305	0	0	0	0	0.049	0	0	0.852	0.853
CDH1	ERBB3	9606.ENSP00000261769	9606.ENSP00000267101	0	0	0	0	0.204	0.108	0	0.813	0.856
CDH1	PTEN	9606.ENSP00000261769	9606.ENSP00000361021	0	0	0	0	0.053	0	0	0.929	0.930
CDH1	ERBB2	9606.ENSP00000261769	9606.ENSP00000269571	0	0	0	0	0.139	0.108	0	0.964	0.970
CDH1	EGFR	9606.ENSP00000261769	9606.ENSP00000275493	0	0	0	0	0.055	0.815	0	0.995	0.999
CDKN1B	JAK2	9606.ENSP00000228872	9606.ENSP00000371067	0	0	0	0	0.087	0.301	0.400	0.367	0.725
CDKN1B	EGFR	9606.ENSP00000228872	9606.ENSP00000275493	0	0	0	0	0	0	0	0.736	0.736
CDKN1B	ERBB2	9606.ENSP00000228872	9606.ENSP00000269571	0	0	0	0	0	0	0	0.739	0.739
CDKN1B	MEN1	9606.ENSP00000228872	9606.ENSP00000337088	0	0	0	0	0.092	0	0	0.793	0.804
CDKN1B	RB1	9606.ENSP00000228872	9606.ENSP00000267163	0	0	0	0	0.049	0.096	0.500	0.626	0.818
CDKN1B	PTEN	9606.ENSP00000228872	9606.ENSP00000361021	0	0	0	0	0.060	0	0	0.831	0.834
CDKN1B	CDKN2A	9606.ENSP00000228872	9606.ENSP00000418915	0	0	0	0	0	0.049	0.500	0.865	0.930
CDKN1B	TP53	9606.ENSP00000228872	9606.ENSP00000269305	0	0	0	0	0	0.076	0.900	0.911	0.991
CDKN2A	KRAS	9606.ENSP00000418915	9606.ENSP00000256078	0	0	0	0	0.055	0.102	0.900	0.917	0.992
CDKN2A	CREBBP	9606.ENSP00000418915	9606.ENSP00000262367	0	0	0	0	0	0	0.500	0.524	0.751
CDKN2A	EP300	9606.ENSP00000418915	9606.ENSP00000263253	0	0	0	0	0.042	0.133	0.500	0.702	0.859
CDKN2A	PIK3CA	9606.ENSP00000418915	9606.ENSP00000263967	0	0	0	0	0	0	0	0.791	0.791
CDKN2A	RB1	9606.ENSP00000418915	9606.ENSP00000267163	0	0	0	0	0	0.052	0	0.842	0.843
CDKN2A	TP53	9606.ENSP00000418915	9606.ENSP00000269305	0	0	0	0	0	0.874	0.900	0.970	0.999
CDKN2A	ERBB2	9606.ENSP00000418915	9606.ENSP00000269571	0	0	0	0	0.062	0.045	0	0.767	0.773
CDKN2A	EGFR	9606.ENSP00000418915	9606.ENSP00000275493	0	0	0	0	0.069	0.045	0	0.906	0.910
CDKN2A	SMAD4	9606.ENSP00000418915	9606.ENSP00000341551	0	0	0	0	0.042	0.046	0	0.850	0.851
CDKN2A	NF1	9606.ENSP00000418915	9606.ENSP00000351015	0	0	0	0	0.042	0.043	0	0.771	0.772
CDKN2A	PTEN	9606.ENSP00000418915	9606.ENSP00000361021	0	0	0	0	0.053	0.188	0	0.908	0.923
CDKN2A	CHEK2	9606.ENSP00000418915	9606.ENSP00000372023	0	0	0	0	0.044	0	0	0.758	0.758
CDKN2A	HRAS	9606.ENSP00000418915	9606.ENSP00000407586	0	0	0	0	0.055	0.160	0.900	0.893	0.990
CDKN2A	NOTCH1	9606.ENSP00000418915	9606.ENSP00000498587	0	0	0	0	0.064	0.098	0	0.698	0.723
CDKN2A	CTCF	9606.ENSP00000418915	9606.ENSP00000494538	0	0	0	0	0.042	0.091	0	0.783	0.794
CHEK2	TP53	9606.ENSP00000372023	9606.ENSP00000269305	0	0	0	0	0.072	0.833	0.750	0.992	0.999
CHEK2	PPM1D	9606.ENSP00000372023	9606.ENSP00000306682	0	0	0	0	0.049	0.555	0	0.822	0.918
CHEK2	PTEN	9606.ENSP00000372023	9606.ENSP00000361021	0	0.008	0	0	0	0.082	0	0.802	0.810
CHEK2	POLD1	9606.ENSP00000372023	9606.ENSP00000472445	0	0	0	0	0.163	0.297	0	0.613	0.753
CLTC	EGFR	9606.ENSP00000479606	9606.ENSP00000275493	0	0	0	0	0.044	0.103	0.500	0.397	0.707
CREBBP	NOTCH2	9606.ENSP00000262367	9606.ENSP00000256646	0	0	0	0	0.049	0.065	0.500	0.639	0.818
CREBBP	KMT2C	9606.ENSP00000262367	9606.ENSP00000262189	0	0	0	0	0.249	0.110	0	0.755	0.822
CREBBP	TBL1XR1	9606.ENSP00000262367	9606.ENSP00000405574	0	0	0	0	0.054	0	0.500	0.430	0.706
CREBBP	FBXW7	9606.ENSP00000262367	9606.ENSP00000474725	0	0	0	0	0.092	0	0.500	0.449	0.728
CREBBP	NOTCH1	9606.ENSP00000262367	9606.ENSP00000498587	0	0	0	0	0.076	0.065	0.500	0.556	0.783
CREBBP	GATA3	9606.ENSP00000262367	9606.ENSP00000368632	0	0	0	0	0	0.346	0	0.707	0.801
CREBBP	KDM6A	9606.ENSP00000262367	9606.ENSP00000367203	0	0	0	0	0.187	0.102	0	0.762	0.811
CREBBP	KLF4	9606.ENSP00000262367	9606.ENSP00000363804	0	0	0	0	0.048	0.723	0	0.536	0.867
CREBBP	KMT2D	9606.ENSP00000262367	9606.ENSP00000301067	0	0	0	0	0.236	0.110	0	0.824	0.870
CREBBP	NCOR2	9606.ENSP00000262367	9606.ENSP00000384018	0	0	0	0	0.259	0.304	0.500	0.563	0.872
CREBBP	H3C2	9606.ENSP00000262367	9606.ENSP00000484841	0	0	0	0	0	0.902	0	0.177	0.916
CREBBP	SMAD4	9606.ENSP00000262367	9606.ENSP00000341551	0	0	0	0	0.191	0.316	0	0.862	0.917
CREBBP	NCOR1	9606.ENSP00000262367	9606.ENSP00000268712	0	0	0	0	0.335	0.304	0.500	0.800	0.947
CREBBP	RUNX1	9606.ENSP00000262367	9606.ENSP00000300305	0	0	0	0	0	0.512	0.500	0.916	0.977
CREBBP	ESR1	9606.ENSP00000262367	9606.ENSP00000405330	0	0	0	0	0.062	0.844	0.500	0.921	0.993
CREBBP	TP53	9606.ENSP00000262367	9606.ENSP00000269305	0	0	0	0	0	0.998	0.900	0.996	0.999
CREBBP	EP300	9606.ENSP00000262367	9606.ENSP00000263253	0	0	0.062	0.956	0.839	0.782	0.900	0.983	0.999
CSF1R	KRAS	9606.ENSP00000286301	9606.ENSP00000256078	0	0	0	0	0.055	0.071	0.500	0.509	0.755
CSF1R	PIK3CA	9606.ENSP00000286301	9606.ENSP00000263967	0	0	0	0	0.106	0.325	0.500	0.478	0.821
CSF1R	PIK3R1	9606.ENSP00000286301	9606.ENSP00000428056	0	0	0	0	0.072	0.696	0.500	0.532	0.925
CSF1R	RUNX1	9606.ENSP00000286301	9606.ENSP00000300305	0	0	0	0	0.090	0.423	0.900	0.728	0.983
CSMD3	LRP1B	9606.ENSP00000297405	9606.ENSP00000374135	0	0	0	0	0.093	0	0	0.766	0.779
CTCF	FOXA1	9606.ENSP00000494538	9606.ENSP00000250448	0	0	0	0	0	0.045	0	0.771	0.772
CTCF	EP300	9606.ENSP00000494538	9606.ENSP00000263253	0	0	0	0	0.223	0.330	0.800	0.654	0.959
CTCF	NCOR1	9606.ENSP00000494538	9606.ENSP00000268712	0	0	0	0	0.178	0.125	0.800	0.378	0.898
CTCF	TP53	9606.ENSP00000494538	9606.ENSP00000269305	0	0	0	0	0.070	0.046	0	0.824	0.830
CTCF	KDM6A	9606.ENSP00000494538	9606.ENSP00000367203	0	0	0	0	0.099	0.117	0.500	0.381	0.721
CTCF	ESR1	9606.ENSP00000494538	9606.ENSP00000405330	0	0	0	0	0	0.067	0	0.709	0.717
CUX1	RB1	9606.ENSP00000353401	9606.ENSP00000267163	0	0	0	0	0.049	0.292	0	0.644	0.739
CYLD	TP53	9606.ENSP00000392025	9606.ENSP00000269305	0	0	0	0	0	0.510	0	0.448	0.717
DDX3X	TP53	9606.ENSP00000494040	9606.ENSP00000269305	0	0	0	0	0.044	0.209	0	0.696	0.750
DDX3X	EIF4A2	9606.ENSP00000494040	9606.ENSP00000326381	0	0	0.145	0.784	0.378	0.374	0	0.512	0.816
DDX3X	KDM6A	9606.ENSP00000494040	9606.ENSP00000367203	0	0	0	0	0.278	0.236	0	0.739	0.843
DNMT3A	RUNX1	9606.ENSP00000264709	9606.ENSP00000300305	0	0	0	0	0.060	0	0	0.773	0.777
DNMT3A	TP53	9606.ENSP00000264709	9606.ENSP00000269305	0	0	0	0	0.049	0	0	0.833	0.835
DNMT3A	H3C2	9606.ENSP00000264709	9606.ENSP00000484841	0	0	0	0	0.093	0.902	0	0.109	0.914
DNMT3A	SETDB1	9606.ENSP00000264709	9606.ENSP00000271640	0	0	0	0	0.058	0.305	0	0.995	0.996
EGFR	KRAS	9606.ENSP00000275493	9606.ENSP00000256078	0	0	0	0	0.053	0.662	0.900	0.918	0.997
EGFR	NOTCH2	9606.ENSP00000275493	9606.ENSP00000256646	0	0	0	0	0.080	0.142	0	0.701	0.744
EGFR	KDR	9606.ENSP00000275493	9606.ENSP00000263923	0	0	0	0.564	0.075	0.139	0	0.774	0.805
EGFR	PIK3CA	9606.ENSP00000275493	9606.ENSP00000263967	0	0	0	0	0	0.790	0.900	0.976	0.999
EGFR	ERBB3	9606.ENSP00000275493	9606.ENSP00000267101	0	0	0.061	0.910	0.042	0.986	0.800	0.984	0.999
EGFR	TP53	9606.ENSP00000275493	9606.ENSP00000269305	0	0	0	0	0	0.329	0	0.919	0.943
EGFR	ERBB2	9606.ENSP00000275493	9606.ENSP00000269571	0	0	0.064	0.939	0.080	0.998	0.900	0.983	0.999
EGFR	GNAS	9606.ENSP00000275493	9606.ENSP00000360141	0	0	0	0	0.042	0.369	0	0.571	0.718
EGFR	SMAD4	9606.ENSP00000275493	9606.ENSP00000341551	0	0	0	0	0.061	0	0	0.729	0.735
EGFR	MTOR	9606.ENSP00000275493	9606.ENSP00000354558	0	0	0	0	0.042	0.181	0	0.769	0.802
EGFR	NF1	9606.ENSP00000275493	9606.ENSP00000351015	0	0	0	0	0.055	0.330	0	0.778	0.847
EGFR	NOTCH1	9606.ENSP00000275493	9606.ENSP00000498587	0	0	0	0	0.042	0.075	0	0.872	0.877
EGFR	PTEN	9606.ENSP00000275493	9606.ENSP00000361021	0	0	0	0	0	0.608	0	0.925	0.969
EGFR	JAK1	9606.ENSP00000275493	9606.ENSP00000499900	0	0	0	0.572	0.045	0.417	0.900	0.537	0.970
EGFR	JAK2	9606.ENSP00000275493	9606.ENSP00000371067	0	0	0	0.576	0	0.723	0.900	0.564	0.986
EGFR	ESR1	9606.ENSP00000275493	9606.ENSP00000405330	0	0	0	0	0	0.583	0	0.974	0.988
EGFR	HRAS	9606.ENSP00000275493	9606.ENSP00000407586	0	0	0	0	0.053	0.315	0.900	0.931	0.994
EGFR	ERBB4	9606.ENSP00000275493	9606.ENSP00000342235	0	0	0.051	0.945	0	0.786	0.400	0.977	0.996
EGFR	PIK3R1	9606.ENSP00000275493	9606.ENSP00000428056	0	0	0	0	0.042	0.900	0.900	0.901	0.998
EGFR	HSP90AA1	9606.ENSP00000275493	9606.ENSP00000335153	0	0	0	0	0.049	0.854	0.500	0.993	0.999
EP300	FOXA1	9606.ENSP00000263253	9606.ENSP00000250448	0	0	0	0	0.044	0	0.800	0.681	0.933
EP300	KRAS	9606.ENSP00000263253	9606.ENSP00000256078	0	0	0	0	0.068	0	0.400	0.600	0.757
EP300	NOTCH2	9606.ENSP00000263253	9606.ENSP00000256646	0	0	0	0	0.049	0.065	0.500	0.631	0.814
EP300	KMT2C	9606.ENSP00000263253	9606.ENSP00000262189	0	0	0	0	0.382	0.110	0.500	0.627	0.884
EP300	MAX	9606.ENSP00000263253	9606.ENSP00000351490	0	0	0	0	0.093	0.625	0	0.222	0.712
EP300	KAT6B	9606.ENSP00000263253	9606.ENSP00000287239	0	0	0	0	0.373	0	0	0.585	0.729
EP300	FBXW7	9606.ENSP00000263253	9606.ENSP00000474725	0	0	0	0	0.085	0	0.500	0.507	0.755
EP300	RB1	9606.ENSP00000263253	9606.ENSP00000267163	0	0	0	0	0.049	0.681	0	0.418	0.808
EP300	HSP90AA1	9606.ENSP00000263253	9606.ENSP00000335153	0	0.003	0	0	0.066	0.292	0.500	0.490	0.809
EP300	H3C2	9606.ENSP00000263253	9606.ENSP00000484841	0	0	0	0	0	0.804	0	0.154	0.827
EP300	NCOR2	9606.ENSP00000263253	9606.ENSP00000384018	0	0	0	0	0.263	0.309	0.500	0.574	0.877
EP300	KMT2D	9606.ENSP00000263253	9606.ENSP00000301067	0	0	0	0	0.363	0.110	0.500	0.677	0.896
EP300	KDM6A	9606.ENSP00000263253	9606.ENSP00000367203	0	0	0	0	0.251	0.067	0.500	0.753	0.902
EP300	NOTCH1	9606.ENSP00000263253	9606.ENSP00000498587	0	0	0	0	0.053	0.634	0.500	0.697	0.940
EP300	KLF4	9606.ENSP00000263253	9606.ENSP00000363804	0	0	0	0	0.065	0.744	0	0.790	0.945
EP300	GATA3	9606.ENSP00000263253	9606.ENSP00000368632	0	0	0	0	0	0.101	0.800	0.794	0.959
EP300	NCOR1	9606.ENSP00000263253	9606.ENSP00000268712	0	0	0	0	0.436	0.313	0.500	0.816	0.959
EP300	RUNX1	9606.ENSP00000263253	9606.ENSP00000300305	0	0	0	0	0	0.513	0.500	0.960	0.989
EP300	SMAD4	9606.ENSP00000263253	9606.ENSP00000341551	0	0	0	0	0.204	0.826	0.500	0.924	0.994
EP300	ESR1	9606.ENSP00000263253	9606.ENSP00000405330	0	0	0	0	0	0.926	0.500	0.943	0.997
EP300	TP53	9606.ENSP00000263253	9606.ENSP00000269305	0	0	0	0	0.049	0.999	0.900	0.998	0.999
ERBB2	KRAS	9606.ENSP00000269571	9606.ENSP00000256078	0	0	0	0	0.053	0.199	0.500	0.923	0.966
ERBB2	PIK3CA	9606.ENSP00000269571	9606.ENSP00000263967	0	0	0	0	0	0.115	0.900	0.927	0.992
ERBB2	ERBB3	9606.ENSP00000269571	9606.ENSP00000267101	0	0	0.081	0.893	0.086	0.997	0.900	0.984	0.999
ERBB2	TP53	9606.ENSP00000269571	9606.ENSP00000269305	0	0	0	0	0.060	0.172	0	0.924	0.935
ERBB2	SMAD4	9606.ENSP00000269571	9606.ENSP00000341551	0	0	0	0	0.056	0	0	0.704	0.708
ERBB2	FBXW7	9606.ENSP00000269571	9606.ENSP00000474725	0	0	0	0	0.059	0.292	0	0.608	0.716
ERBB2	MTOR	9606.ENSP00000269571	9606.ENSP00000354558	0	0	0	0	0	0	0	0.725	0.725
ERBB2	FGFR2	9606.ENSP00000269571	9606.ENSP00000410294	0	0	0	0.615	0.088	0.621	0	0.318	0.744
ERBB2	NTRK1	9606.ENSP00000269571	9606.ENSP00000431418	0	0	0	0.602	0.107	0.617	0	0.332	0.751
ERBB2	NF1	9606.ENSP00000269571	9606.ENSP00000351015	0	0	0	0	0	0	0	0.771	0.771
ERBB2	NOTCH1	9606.ENSP00000269571	9606.ENSP00000498587	0	0	0	0	0.049	0.075	0	0.787	0.796
ERBB2	PTEN	9606.ENSP00000269571	9606.ENSP00000361021	0	0	0	0	0	0.070	0	0.864	0.868
ERBB2	HRAS	9606.ENSP00000269571	9606.ENSP00000407586	0	0	0	0	0.053	0.328	0.500	0.742	0.907
ERBB2	JAK1	9606.ENSP00000269571	9606.ENSP00000499900	0	0	0	0.570	0	0.253	0.900	0.500	0.959
ERBB2	JAK2	9606.ENSP00000269571	9606.ENSP00000371067	0	0	0	0.573	0	0.328	0.900	0.534	0.966
ERBB2	ESR1	9606.ENSP00000269571	9606.ENSP00000405330	0	0	0	0	0	0.329	0	0.966	0.976
ERBB2	PIK3R1	9606.ENSP00000269571	9606.ENSP00000428056	0	0	0	0	0	0.840	0.900	0.728	0.995
ERBB2	ERBB4	9606.ENSP00000269571	9606.ENSP00000342235	0	0	0.055	0.927	0	0.850	0.900	0.983	0.999
ERBB2	HSP90AA1	9606.ENSP00000269571	9606.ENSP00000335153	0	0	0	0	0	0.898	0.500	0.985	0.999
ERBB3	KRAS	9606.ENSP00000267101	9606.ENSP00000256078	0	0	0	0	0.053	0.160	0.500	0.820	0.919
ERBB3	PIK3CA	9606.ENSP00000267101	9606.ENSP00000263967	0	0	0	0	0	0.597	0.900	0.856	0.993
ERBB3	HRAS	9606.ENSP00000267101	9606.ENSP00000407586	0	0	0	0	0.053	0.160	0.500	0.553	0.798
ERBB3	PTEN	9606.ENSP00000267101	9606.ENSP00000361021	0	0	0	0	0	0.187	0	0.794	0.826
ERBB3	HSP90AA1	9606.ENSP00000267101	9606.ENSP00000335153	0	0	0	0	0	0.237	0.500	0.797	0.916
ERBB3	JAK1	9606.ENSP00000267101	9606.ENSP00000499900	0	0	0	0.569	0	0.091	0.900	0.472	0.947
ERBB3	JAK2	9606.ENSP00000267101	9606.ENSP00000371067	0	0	0	0.572	0	0.253	0.900	0.454	0.955
ERBB3	PIK3R1	9606.ENSP00000267101	9606.ENSP00000428056	0	0	0	0	0	0.923	0.900	0.779	0.998
ERBB3	ERBB4	9606.ENSP00000267101	9606.ENSP00000342235	0	0	0.061	0.929	0.060	0.622	0.900	0.983	0.999
ERBB4	KRAS	9606.ENSP00000342235	9606.ENSP00000256078	0	0	0	0	0.053	0.160	0.500	0.695	0.862
ERBB4	PIK3CA	9606.ENSP00000342235	9606.ENSP00000263967	0	0	0	0	0	0	0.900	0.713	0.970
ERBB4	NCOR1	9606.ENSP00000342235	9606.ENSP00000268712	0	0	0	0	0	0.292	0.500	0.683	0.877
ERBB4	TP53	9606.ENSP00000342235	9606.ENSP00000269305	0	0	0	0	0	0.292	0	0.629	0.726
ERBB4	HSP90AA1	9606.ENSP00000342235	9606.ENSP00000335153	0	0	0	0	0	0.448	0.500	0.365	0.809
ERBB4	PTEN	9606.ENSP00000342235	9606.ENSP00000361021	0	0	0	0	0	0.070	0	0.786	0.793
ERBB4	HRAS	9606.ENSP00000342235	9606.ENSP00000407586	0	0	0	0	0.053	0.160	0.500	0.616	0.827
ERBB4	PIK3R1	9606.ENSP00000342235	9606.ENSP00000428056	0	0	0	0	0.060	0.194	0.900	0.398	0.948
ERBB4	ESR1	9606.ENSP00000342235	9606.ENSP00000405330	0	0	0	0	0.074	0.329	0.800	0.723	0.961
ESR1	FOXA1	9606.ENSP00000405330	9606.ENSP00000250448	0	0	0	0	0.108	0.626	0.500	0.990	0.998
ESR1	KRAS	9606.ENSP00000405330	9606.ENSP00000256078	0	0	0	0	0	0.073	0	0.756	0.764
ESR1	PIK3CA	9606.ENSP00000405330	9606.ENSP00000263967	0	0	0	0	0	0.510	0.400	0.817	0.941
ESR1	NCOR1	9606.ENSP00000405330	9606.ENSP00000268712	0	0	0	0	0	0.799	0.900	0.987	0.999
ESR1	TP53	9606.ENSP00000405330	9606.ENSP00000269305	0	0	0	0	0	0.735	0	0.974	0.992
ESR1	RUNX1	9606.ENSP00000405330	9606.ENSP00000300305	0	0	0	0	0.063	0.071	0.500	0.669	0.837
ESR1	KMT2D	9606.ENSP00000405330	9606.ENSP00000301067	0	0	0	0	0	0.634	0	0.535	0.822
ESR1	HSP90AA1	9606.ENSP00000405330	9606.ENSP00000335153	0	0	0	0	0.054	0.889	0.500	0.988	0.999
ESR1	MEN1	9606.ENSP00000405330	9606.ENSP00000337088	0	0	0	0	0	0.304	0	0.894	0.923
ESR1	SMAD4	9606.ENSP00000405330	9606.ENSP00000341551	0	0	0	0	0	0.045	0	0.832	0.833
ESR1	MTOR	9606.ENSP00000405330	9606.ENSP00000354558	0	0	0	0	0	0.292	0	0.655	0.745
ESR1	PTEN	9606.ENSP00000405330	9606.ENSP00000361021	0	0	0	0	0	0.295	0	0.737	0.807
ESR1	GATA3	9606.ENSP00000405330	9606.ENSP00000368632	0	0	0	0	0.102	0.608	0.500	0.910	0.982
ESR1	NCOR2	9606.ENSP00000405330	9606.ENSP00000384018	0	0	0	0	0.044	0.770	0.500	0.944	0.993
ESR1	HRAS	9606.ENSP00000405330	9606.ENSP00000407586	0	0	0	0	0	0.073	0	0.705	0.715
ESR1	NTRK1	9606.ENSP00000405330	9606.ENSP00000431418	0	0	0	0	0	0.071	0	0.711	0.720
ESR1	FGFR2	9606.ENSP00000405330	9606.ENSP00000410294	0	0	0	0	0.043	0.045	0	0.773	0.774
ESR1	PIK3R1	9606.ENSP00000405330	9606.ENSP00000428056	0	0	0	0	0	0.708	0.400	0.971	0.994
FBXW7	KRAS	9606.ENSP00000474725	9606.ENSP00000256078	0	0	0	0	0.081	0.153	0	0.726	0.768
FBXW7	PIK3CA	9606.ENSP00000474725	9606.ENSP00000263967	0	0	0	0	0.121	0	0	0.844	0.857
FBXW7	TP53	9606.ENSP00000474725	9606.ENSP00000269305	0	0	0	0	0	0.620	0.400	0.842	0.960
FBXW7	MTOR	9606.ENSP00000474725	9606.ENSP00000354558	0	0	0	0	0.049	0.835	0	0.540	0.921
FBXW7	PTEN	9606.ENSP00000474725	9606.ENSP00000361021	0	0	0	0	0.112	0.296	0	0.830	0.884
FBXW7	NOTCH1	9606.ENSP00000474725	9606.ENSP00000498587	0	0	0	0	0	0.925	0.500	0.884	0.995
FGFR2	KRAS	9606.ENSP00000410294	9606.ENSP00000256078	0	0	0	0	0	0.099	0.900	0.725	0.973
FGFR2	PIK3CA	9606.ENSP00000410294	9606.ENSP00000263967	0	0	0	0	0	0.087	0.650	0.737	0.908
FGFR2	JAK2	9606.ENSP00000410294	9606.ENSP00000371067	0	0	0	0.609	0	0.074	0.900	0.215	0.921
FGFR2	HRAS	9606.ENSP00000410294	9606.ENSP00000407586	0	0	0	0	0	0.099	0.900	0.607	0.961
FGFR2	NOTCH1	9606.ENSP00000410294	9606.ENSP00000498587	0	0	0	0	0	0.045	0	0.723	0.724
FGFR2	JAK1	9606.ENSP00000410294	9606.ENSP00000499900	0	0	0	0.605	0	0.074	0.900	0.145	0.913
FGFR2	PIK3R1	9606.ENSP00000410294	9606.ENSP00000428056	0	0	0	0	0.042	0.416	0.650	0.659	0.924
FOXA1	PIK3CA	9606.ENSP00000250448	9606.ENSP00000263967	0	0	0	0	0	0	0	0.706	0.706
FOXA1	NF1	9606.ENSP00000250448	9606.ENSP00000351015	0	0	0	0	0	0	0	0.712	0.712
FOXA1	TP53	9606.ENSP00000250448	9606.ENSP00000269305	0	0	0	0	0	0	0	0.735	0.735
FOXA1	KMT2C	9606.ENSP00000250448	9606.ENSP00000262189	0	0	0	0	0	0.292	0	0.764	0.825
FOXA1	GATA3	9606.ENSP00000250448	9606.ENSP00000368632	0	0	0	0	0.120	0.484	0.900	0.950	0.997
FOXP1	KLF4	9606.ENSP00000484803	9606.ENSP00000363804	0	0	0	0	0.044	0.056	0.800	0.318	0.860
FOXP1	NCOR2	9606.ENSP00000484803	9606.ENSP00000384018	0	0	0	0	0.047	0.292	0	0.737	0.807
FUBP1	TP53	9606.ENSP00000359804	9606.ENSP00000269305	0	0	0	0	0.042	0.292	0	0.688	0.769
FUBP1	SF3B1	9606.ENSP00000359804	9606.ENSP00000335321	0	0	0	0	0.658	0	0	0.222	0.723
GATA3	TP53	9606.ENSP00000368632	9606.ENSP00000269305	0	0	0	0	0.098	0.253	0	0.623	0.724
GATA3	RUNX1	9606.ENSP00000368632	9606.ENSP00000300305	0	0	0	0	0.056	0.125	0.500	0.976	0.989
GNAS	KRAS	9606.ENSP00000360141	9606.ENSP00000256078	0	0	0	0	0.044	0.142	0	0.767	0.792
GNAS	TP53	9606.ENSP00000360141	9606.ENSP00000269305	0	0	0	0	0	0.165	0	0.782	0.810
GNAS	HRAS	9606.ENSP00000360141	9606.ENSP00000407586	0	0	0	0	0	0	0.540	0.609	0.812
H3C2	TP53	9606.ENSP00000484841	9606.ENSP00000269305	0	0	0	0	0.047	0.800	0	0.418	0.879
H3C2	SETDB1	9606.ENSP00000484841	9606.ENSP00000271640	0	0	0	0	0.058	0.911	0	0.072	0.915
H3C2	KAT6B	9606.ENSP00000484841	9606.ENSP00000287239	0	0	0	0	0	0.917	0	0.091	0.922
H3C2	SMARCD1	9606.ENSP00000484841	9606.ENSP00000378414	0	0	0	0	0.053	0.833	0	0.081	0.842
H3C2	KMT5A	9606.ENSP00000484841	9606.ENSP00000384629	0	0	0	0	0.068	0.911	0	0.072	0.916
HRAS	KRAS	9606.ENSP00000407586	9606.ENSP00000256078	0	0	0.050	0.981	0	0.883	0.900	0.411	0.992
HRAS	PIK3CA	9606.ENSP00000407586	9606.ENSP00000263967	0	0	0	0	0.100	0.758	0.900	0.800	0.995
HRAS	TP53	9606.ENSP00000407586	9606.ENSP00000269305	0	0	0	0	0.083	0.292	0	0.894	0.925
HRAS	HSP90AA1	9606.ENSP00000407586	9606.ENSP00000335153	0.042	0	0	0	0.055	0.126	0.500	0.614	0.819
HRAS	SMAD4	9606.ENSP00000407586	9606.ENSP00000341551	0	0	0	0	0.057	0.133	0	0.678	0.714
HRAS	NF1	9606.ENSP00000407586	9606.ENSP00000351015	0	0	0	0	0.051	0.789	0.900	0.748	0.994
HRAS	PTEN	9606.ENSP00000407586	9606.ENSP00000361021	0	0	0	0	0.059	0.099	0	0.808	0.823
HRAS	JAK2	9606.ENSP00000407586	9606.ENSP00000371067	0	0	0	0	0.074	0.110	0.500	0.531	0.781
HRAS	MAP3K1	9606.ENSP00000407586	9606.ENSP00000382423	0	0	0	0	0.058	0.183	0.900	0.379	0.945
HRAS	NOTCH1	9606.ENSP00000407586	9606.ENSP00000498587	0	0	0	0	0	0.522	0	0.626	0.814
HRAS	PIK3R1	9606.ENSP00000407586	9606.ENSP00000428056	0	0	0	0	0	0.688	0.900	0.707	0.990
HSP90AA1	KRAS	9606.ENSP00000335153	9606.ENSP00000256078	0.042	0	0	0	0.056	0.207	0.500	0.570	0.818
HSP90AA1	KDR	9606.ENSP00000335153	9606.ENSP00000263923	0	0	0	0	0	0.313	0.500	0.878	0.954
HSP90AA1	PIK3CA	9606.ENSP00000335153	9606.ENSP00000263967	0	0	0	0	0.049	0	0.500	0.686	0.837
HSP90AA1	NCOR1	9606.ENSP00000335153	9606.ENSP00000268712	0	0	0	0	0.143	0	0	0.898	0.909
HSP90AA1	TP53	9606.ENSP00000335153	9606.ENSP00000269305	0	0	0	0	0	0.903	0	0.995	0.999
HSP90AA1	PIK3R1	9606.ENSP00000335153	9606.ENSP00000428056	0	0	0	0	0.043	0	0.500	0.593	0.788
HSP90AA1	JAK2	9606.ENSP00000335153	9606.ENSP00000371067	0	0	0	0	0.082	0.362	0	0.672	0.791
HSP90AA1	PTEN	9606.ENSP00000335153	9606.ENSP00000361021	0	0	0	0	0.042	0.233	0	0.753	0.803
HSP90AA1	MTOR	9606.ENSP00000335153	9606.ENSP00000354558	0	0	0	0	0.095	0.994	0	0.794	0.998
JAK1	KRAS	9606.ENSP00000499900	9606.ENSP00000256078	0	0	0	0	0.081	0.187	0.500	0.518	0.796
JAK1	KDR	9606.ENSP00000499900	9606.ENSP00000263923	0	0	0	0.565	0.055	0.074	0.900	0.474	0.947
JAK1	PIK3CA	9606.ENSP00000499900	9606.ENSP00000263967	0	0	0	0	0.068	0.069	0.900	0.690	0.969
JAK1	TP53	9606.ENSP00000499900	9606.ENSP00000269305	0	0	0	0	0.088	0.163	0	0.728	0.774
JAK1	JAK2	9606.ENSP00000499900	9606.ENSP00000371067	0	0	0	0.908	0.113	0.510	0.900	0.982	0.999
JAK1	PIK3R1	9606.ENSP00000499900	9606.ENSP00000428056	0	0	0	0	0.067	0.093	0.900	0.373	0.939
JAK2	KRAS	9606.ENSP00000371067	9606.ENSP00000256078	0	0	0	0	0.079	0.110	0.500	0.677	0.850
JAK2	KDR	9606.ENSP00000371067	9606.ENSP00000263923	0	0	0	0.563	0.055	0.074	0.900	0.260	0.926
JAK2	PIK3CA	9606.ENSP00000371067	9606.ENSP00000263967	0	0	0	0	0.263	0.069	0.900	0.754	0.980
JAK2	TP53	9606.ENSP00000371067	9606.ENSP00000269305	0	0	0	0	0.067	0	0	0.720	0.728
JAK2	MTOR	9606.ENSP00000371067	9606.ENSP00000354558	0	0	0	0	0.049	0.073	0	0.731	0.742
JAK2	PTEN	9606.ENSP00000371067	9606.ENSP00000361021	0	0	0	0	0.086	0.092	0	0.771	0.794
JAK2	PIK3R1	9606.ENSP00000371067	9606.ENSP00000428056	0	0	0	0	0.095	0.671	0.900	0.634	0.987
KAT6B	RUNX1	9606.ENSP00000287239	9606.ENSP00000300305	0	0	0	0	0	0.294	0	0.673	0.759
KDM6A	KMT2C	9606.ENSP00000367203	9606.ENSP00000262189	0	0	0	0	0.157	0.679	0.900	0.997	0.999
KDM6A	NCOR1	9606.ENSP00000367203	9606.ENSP00000268712	0	0	0	0	0.098	0.066	0.500	0.416	0.721
KDM6A	TP53	9606.ENSP00000367203	9606.ENSP00000269305	0	0	0	0	0	0.292	0	0.608	0.710
KDM6A	KMT2D	9606.ENSP00000367203	9606.ENSP00000301067	0	0	0	0	0.128	0.841	0.900	0.987	0.999
KDM6A	KLF4	9606.ENSP00000367203	9606.ENSP00000363804	0	0	0	0	0.058	0.358	0	0.580	0.724
KDR	KRAS	9606.ENSP00000263923	9606.ENSP00000256078	0	0	0	0	0	0.092	0	0.767	0.780
KDR	TP53	9606.ENSP00000263923	9606.ENSP00000269305	0	0	0	0	0.059	0.225	0	0.660	0.730
KDR	PIK3R1	9606.ENSP00000263923	9606.ENSP00000428056	0	0	0	0	0.049	0.153	0.900	0.377	0.943
KDR	PIK3CA	9606.ENSP00000263923	9606.ENSP00000263967	0	0	0	0	0	0.098	0.900	0.754	0.975
KLF4	TBX3	9606.ENSP00000363804	9606.ENSP00000257566	0	0	0	0	0.067	0.054	0	0.873	0.878
KLF4	TP53	9606.ENSP00000363804	9606.ENSP00000269305	0	0	0	0	0.057	0.095	0	0.920	0.925
KLF4	SMAD4	9606.ENSP00000363804	9606.ENSP00000341551	0	0	0	0	0	0.067	0.500	0.426	0.709
KMT2C	KRAS	9606.ENSP00000262189	9606.ENSP00000256078	0	0	0	0	0.056	0.046	0	0.751	0.756
KMT2C	MEN1	9606.ENSP00000262189	9606.ENSP00000337088	0	0	0	0	0.053	0.316	0	0.608	0.724
KMT2C	RUNX1	9606.ENSP00000262189	9606.ENSP00000300305	0	0	0	0	0.047	0	0.500	0.517	0.750
KMT2C	NCOR1	9606.ENSP00000262189	9606.ENSP00000268712	0	0	0	0	0.309	0.063	0.500	0.537	0.830
KMT2C	TP53	9606.ENSP00000262189	9606.ENSP00000269305	0	0	0	0	0	0.292	0	0.808	0.858
KMT2C	KMT2D	9606.ENSP00000262189	9606.ENSP00000301067	0	0	0	0.753	0.124	0.320	0.900	0.971	0.998
KMT2D	NCOR1	9606.ENSP00000301067	9606.ENSP00000268712	0	0	0	0	0.213	0.063	0.500	0.434	0.763
KMT2D	TP53	9606.ENSP00000301067	9606.ENSP00000269305	0	0	0	0	0.044	0.165	0	0.782	0.810
KMT2D	RUNX1	9606.ENSP00000301067	9606.ENSP00000300305	0	0	0	0	0.048	0	0.500	0.533	0.758
KMT2D	MEN1	9606.ENSP00000301067	9606.ENSP00000337088	0	0	0	0	0.064	0.533	0.800	0.626	0.963
KMT5A	TP53	9606.ENSP00000384629	9606.ENSP00000269305	0	0	0	0	0.089	0.357	0.750	0.493	0.916
KRAS	MTOR	9606.ENSP00000256078	9606.ENSP00000354558	0	0	0	0	0.049	0.517	0	0.651	0.826
KRAS	NOTCH1	9606.ENSP00000256078	9606.ENSP00000498587	0	0	0	0	0.044	0.553	0	0.683	0.853
KRAS	SMAD4	9606.ENSP00000256078	9606.ENSP00000341551	0	0	0	0	0.118	0.051	0	0.908	0.917
KRAS	PTEN	9606.ENSP00000256078	9606.ENSP00000361021	0	0	0	0	0.078	0.099	0	0.930	0.936
KRAS	TP53	9606.ENSP00000256078	9606.ENSP00000269305	0	0	0	0	0.074	0	0	0.947	0.949
KRAS	MAP3K1	9606.ENSP00000256078	9606.ENSP00000382423	0	0	0	0	0.076	0.183	0.900	0.461	0.953
KRAS	PIK3R1	9606.ENSP00000256078	9606.ENSP00000428056	0	0	0	0	0.072	0.102	0.900	0.618	0.963
KRAS	NF1	9606.ENSP00000256078	9606.ENSP00000351015	0	0	0	0	0.064	0.543	0.900	0.925	0.996
KRAS	PIK3CA	9606.ENSP00000256078	9606.ENSP00000263967	0	0	0	0	0.143	0.627	0.900	0.951	0.998
LRP1B	PTPRD	9606.ENSP00000374135	9606.ENSP00000370593	0	0	0	0	0.108	0	0	0.727	0.746
MAP2K4	MAP3K1	9606.ENSP00000410402	9606.ENSP00000382423	0	0	0	0.613	0.104	0.857	0.900	0.673	0.995
MAP3K1	TP53	9606.ENSP00000382423	9606.ENSP00000269305	0	0	0	0	0.085	0.510	0	0.727	0.866
MAP3K1	PTEN	9606.ENSP00000382423	9606.ENSP00000361021	0	0	0	0	0.068	0.126	0	0.675	0.712
MECOM	RUNX1	9606.ENSP00000264674	9606.ENSP00000300305	0	0	0	0	0.042	0.067	0.900	0.889	0.988
MEN1	TP53	9606.ENSP00000337088	9606.ENSP00000269305	0	0	0	0	0.091	0.292	0	0.600	0.720
MEN1	SMAD4	9606.ENSP00000337088	9606.ENSP00000341551	0	0	0	0	0.066	0.162	0.500	0.435	0.749
MTOR	PIK3CA	9606.ENSP00000354558	9606.ENSP00000263967	0	0	0	0.548	0.060	0.166	0.900	0.592	0.963
MTOR	TP53	9606.ENSP00000354558	9606.ENSP00000269305	0	0	0	0	0	0.466	0	0.773	0.874
MTOR	TSC1	9606.ENSP00000354558	9606.ENSP00000298552	0	0	0	0	0.272	0.274	0.500	0.914	0.974
MTOR	PTEN	9606.ENSP00000354558	9606.ENSP00000361021	0	0	0	0	0	0.281	0	0.922	0.942
MTOR	PIK3R1	9606.ENSP00000354558	9606.ENSP00000428056	0	0	0	0	0.044	0	0.900	0.577	0.956
MYH11	MYH9	9606.ENSP00000379616	9606.ENSP00000216181	0	0	0.051	0.979	0.060	0	0.900	0.383	0.937
MYH11	RUNX1	9606.ENSP00000379616	9606.ENSP00000300305	0	0	0	0	0.042	0	0	0.922	0.922
NBEA	NOTCH1	9606.ENSP00000383295	9606.ENSP00000498587	0	0	0	0	0	0.097	0.900	0.074	0.909
NCOR1	SMARCD1	9606.ENSP00000268712	9606.ENSP00000378414	0	0	0	0	0.067	0.591	0	0.338	0.725
NCOR1	RUNX1	9606.ENSP00000268712	9606.ENSP00000300305	0	0	0	0	0	0.292	0	0.796	0.849
NCOR1	TP53	9606.ENSP00000268712	9606.ENSP00000269305	0	0	0	0	0.054	0.495	0	0.717	0.853
NCOR1	SMAD4	9606.ENSP00000268712	9606.ENSP00000341551	0	0	0	0	0.067	0.292	0.500	0.615	0.855
NCOR1	SPEN	9606.ENSP00000268712	9606.ENSP00000364912	0	0	0	0	0.152	0.292	0	0.844	0.898
NCOR1	NCOR2	9606.ENSP00000268712	9606.ENSP00000384018	0	0	0	0.846	0.122	0.622	0.800	0.985	0.998
NCOR1	TBL1XR1	9606.ENSP00000268712	9606.ENSP00000405574	0	0	0	0	0.140	0.915	0.500	0.995	0.999
NCOR2	RUNX1	9606.ENSP00000384018	9606.ENSP00000300305	0	0	0	0	0.067	0.488	0	0.644	0.815
NCOR2	SMAD4	9606.ENSP00000384018	9606.ENSP00000341551	0	0	0	0	0.049	0	0.500	0.469	0.725
NCOR2	SPEN	9606.ENSP00000384018	9606.ENSP00000364912	0	0	0	0	0.142	0.622	0	0.930	0.975
NCOR2	NOTCH1	9606.ENSP00000384018	9606.ENSP00000498587	0	0	0	0	0.138	0.054	0.500	0.514	0.775
NCOR2	TBL1XR1	9606.ENSP00000384018	9606.ENSP00000405574	0	0	0	0	0.076	0.428	0.500	0.965	0.989
NF1	PIK3CA	9606.ENSP00000351015	9606.ENSP00000263967	0	0	0	0	0.060	0	0	0.789	0.793
NF1	TP53	9606.ENSP00000351015	9606.ENSP00000269305	0	0	0	0	0	0	0	0.880	0.880
NF1	SMAD4	9606.ENSP00000351015	9606.ENSP00000341551	0	0	0	0	0.104	0	0	0.864	0.873
NF1	PTEN	9606.ENSP00000351015	9606.ENSP00000361021	0	0	0	0	0.084	0.218	0	0.838	0.874
NOTCH1	NOTCH2	9606.ENSP00000498587	9606.ENSP00000256646	0	0	0.065	0.950	0.145	0.180	0.900	0.122	0.932
NOTCH1	PIK3CA	9606.ENSP00000498587	9606.ENSP00000263967	0	0	0	0	0	0.314	0	0.700	0.786
NOTCH1	TP53	9606.ENSP00000498587	9606.ENSP00000269305	0	0	0	0	0.049	0.045	0	0.786	0.789
NOTCH1	SMAD4	9606.ENSP00000498587	9606.ENSP00000341551	0	0	0	0	0.049	0.043	0	0.809	0.811
NOTCH1	PTEN	9606.ENSP00000498587	9606.ENSP00000361021	0	0	0	0	0.062	0.099	0	0.736	0.758
NOTCH1	SPEN	9606.ENSP00000498587	9606.ENSP00000364912	0	0	0	0	0.095	0.052	0	0.775	0.790
NTRK1	PIK3CA	9606.ENSP00000431418	9606.ENSP00000263967	0	0	0	0	0.050	0.087	0.900	0.593	0.960
NTRK1	PIK3R1	9606.ENSP00000431418	9606.ENSP00000428056	0	0	0	0	0	0.453	0.900	0.370	0.962
PIK3CA	SMAD4	9606.ENSP00000263967	9606.ENSP00000341551	0	0	0	0	0.210	0	0	0.763	0.805
PIK3CA	TP53	9606.ENSP00000263967	9606.ENSP00000269305	0	0	0	0	0	0.292	0	0.920	0.941
PIK3CA	PTEN	9606.ENSP00000263967	9606.ENSP00000361021	0	0	0	0	0.112	0.134	0.900	0.949	0.995
PIK3CA	PIK3R1	9606.ENSP00000263967	9606.ENSP00000428056	0	0	0	0	0.156	0.997	0.967	0.998	0.999
PIK3R1	TP53	9606.ENSP00000428056	9606.ENSP00000269305	0	0	0	0	0	0	0	0.853	0.853
PIK3R1	PTEN	9606.ENSP00000428056	9606.ENSP00000361021	0	0	0	0	0.056	0.554	0.900	0.943	0.997
PPM1D	TP53	9606.ENSP00000306682	9606.ENSP00000269305	0	0	0	0	0	0.599	0	0.721	0.883
PREX2	PTEN	9606.ENSP00000288368	9606.ENSP00000361021	0	0	0	0	0	0	0.700	0.968	0.990
PTEN	RB1	9606.ENSP00000361021	9606.ENSP00000267163	0	0	0	0	0.105	0	0	0.715	0.734
PTEN	TP53	9606.ENSP00000361021	9606.ENSP00000269305	0	0	0	0	0.067	0.748	0.900	0.968	0.999
PTEN	TSC1	9606.ENSP00000361021	9606.ENSP00000298552	0	0	0	0	0	0.113	0	0.785	0.801
PTEN	SMAD4	9606.ENSP00000361021	9606.ENSP00000341551	0	0	0	0	0.072	0.053	0	0.908	0.912
RB1	SMARCD1	9606.ENSP00000267163	9606.ENSP00000378414	0	0	0	0	0.093	0	0.720	0.065	0.742
RB1	TP53	9606.ENSP00000267163	9606.ENSP00000269305	0	0	0	0	0.064	0.510	0	0.872	0.936
RUNX1	TP53	9606.ENSP00000300305	9606.ENSP00000269305	0	0	0	0	0	0	0	0.820	0.820
SMAD4	TP53	9606.ENSP00000341551	9606.ENSP00000269305	0	0	0	0	0.059	0	0	0.873	0.875
SMARCD1	TP53	9606.ENSP00000378414	9606.ENSP00000269305	0	0	0	0	0.083	0.301	0	0.842	0.889
TP53	UBR5	9606.ENSP00000269305	9606.ENSP00000429084	0	0	0	0	0	0.600	0	0.618	0.840
TSC1	USP6	9606.ENSP00000298552	9606.ENSP00000460380	0	0	0	0	0.081	0.061	0	0.966	0.968
